station_id,station_name,utm_este,utm_norte,monitoring_date,monitoring_time,campaign,sampling_agency,source_file,source_page,do_mg_l,ph,water_temp_c,conductivity_us_cm,bod5_mg_l,cod_mg_l,tss_mg_l,barium,beryllium,cyanide_wad,lithium,magnesium,selenium,silicates,sodium,sulfate_mg_l,sulfides,phosphate_mg_l,total_phosphorus,ammonia_n,nitrate_mg_l,nitrite_mg_l,kjeldahl_n_mg_l,aluminum,antimony,arsenic,boron,cadmium,cobalt,copper,chromium_hexavalent,chromium_total,iron,manganese,mercury,nickel,lead,thallium,vanadium,zinc,oils_grease,fecal_coliforms,chlorophyll_a
BInte01,B. Interior de Puno,391402,8249013,2014-03-12,09:00,"Monitoreo Binacional Lago Titicaca 2014 (marzo, sector peruano)",ANA-Binacional,IT 018-2014-ANA-DGCRH-GOCRH_MONITOREO LAGO TITICACA-PERU MARZO 2014.pdf,8 (CUADRO 5),5.85,8.91,17.6,1725,5.64,21.9,5.15,0.078,<0.0002,<0.006,0.353,43.8,<0.003,10.73,215.23,275.91,<0.002,0.045,0.081,0.561,0.245,0.083,<1.00,0.03,<0.002,0.01,1.373,<0.0004,<0.0003,0.0009,<0.007,<0.0004,0.056,0.1471,<0.0001,<0.0004,0.002,<0.003,0.00072,<0.003,<1.00,17,<4
BInte02,B. Interior de Puno,392656,8249544,2014-03-12,09:30,"Monitoreo Binacional Lago Titicaca 2014 (marzo, sector peruano)",ANA-Binacional,IT 018-2014-ANA-DGCRH-GOCRH_MONITOREO LAGO TITICACA-PERU MARZO 2014.pdf,8 (CUADRO 5),9.2,8.92,16.4,1672,<2.00,<10.0,11.24,0.075,<0.0002,<0.006,0.353,43.41,<0.003,10.37,214.34,275.23,0.006,0.657,0.808,0.345,0.212,0.032,<1.00,0.02,<0.002,0.01,1.34,<0.0004,<0.0003,0.0007,<0.007,<0.0004,0.0519,0.1276,<0.0001,<0.0004,0.0015,<0.003,0.00036,<0.003,<1.00,<1.8,<4
BInte03,B. Interior de Puno,393018,8248669,2014-03-12,10:00,"Monitoreo Binacional Lago Titicaca 2014 (marzo, sector peruano)",ANA-Binacional,IT 018-2014-ANA-DGCRH-GOCRH_MONITOREO LAGO TITICACA-PERU MARZO 2014.pdf,8 (CUADRO 5),7.9,9.15,17.3,1674,5.72,22.9,5.47,0.075,<0.0002,<0.006,0.35,43.06,<0.003,10.36,213.09,272.95,0.003,0.613,0.76,0.426,0.198,0.034,<1.00,0.02,<0.002,0.01,1.329,<0.0004,<0.0003,0.0015,<0.007,<0.0004,0.0477,0.1294,<0.0001,<0.0004,0.0019,<0.003,<0.0002,<0.003,<1.00,<1.8,<4
BInte04,B. Interior de Puno,392040,8248425,2014-03-12,10:28,"Monitoreo Binacional Lago Titicaca 2014 (marzo, sector peruano)",ANA-Binacional,IT 018-2014-ANA-DGCRH-GOCRH_MONITOREO LAGO TITICACA-PERU MARZO 2014.pdf,8 (CUADRO 5),9.06,8.8,14.3,1672,5.14,23.4,7.01,0.075,<0.0002,<0.006,0.359,43.4,<0.003,10.33,217.52,266.36,<0.002,0.682,0.768,0.506,0.194,0.036,2.3,0.02,<0.002,0.009,1.332,<0.0004,<0.0003,<0.0004,<0.007,0.00051,0.0513,0.1296,<0.0001,<0.0004,0.0012,<0.003,<0.0002,<0.003,<1.00,4.5,<4
BInte05,B. Interior de Puno,392710,8247780,2014-03-12,10:50,"Monitoreo Binacional Lago Titicaca 2014 (marzo, sector peruano)",ANA-Binacional,IT 018-2014-ANA-DGCRH-GOCRH_MONITOREO LAGO TITICACA-PERU MARZO 2014.pdf,8 (CUADRO 5),7.89,9.18,18.2,1673,5.31,24.9,5.82,0.075,<0.0002,<0.006,0.35,42.26,<0.003,10.43,213.14,269.77,0.003,0.657,0.736,0.497,0.201,0.034,<1.00,0.03,<0.002,0.009,1.295,<0.0004,<0.0003,0.0005,<0.007,<0.0004,0.051,0.128,<0.0001,<0.0004,0.0015,<0.003,<0.0002,<0.003,<1.00,<1.8,<4
BInte06,B. Interior de Puno,394477,8249053,2014-03-12,11:16,"Monitoreo Binacional Lago Titicaca 2014 (marzo, sector peruano)",ANA-Binacional,IT 018-2014-ANA-DGCRH-GOCRH_MONITOREO LAGO TITICACA-PERU MARZO 2014.pdf,8 (CUADRO 5),5.02,8.9,17.2,1661,4.97,24.4,5.18,0.073,<0.0002,<0.006,0.354,42.73,<0.003,8.61,212.33,267.27,0.002,0.549,0.604,0.675,0.051,<0.003,1.43,0.01,<0.002,0.011,1.332,<0.0004,<0.0003,0.0004,<0.007,<0.0004,0.0264,0.0972,<0.0001,<0.0004,0.0011,<0.003,<0.0002,<0.003,<1.00,<1.8,<4
BInte07,B. Interior de Puno,394623,8248197,2014-03-12,11:37,"Monitoreo Binacional Lago Titicaca 2014 (marzo, sector peruano)",ANA-Binacional,IT 018-2014-ANA-DGCRH-GOCRH_MONITOREO LAGO TITICACA-PERU MARZO 2014.pdf,8 (CUADRO 5),8.07,9.03,17.6,1657,5.06,23.9,5.95,0.073,<0.0002,<0.006,0.342,41.57,<0.003,8.87,205.91,268.64,<0.002,0.593,0.679,0.624,0.176,1.034,1.38,0.02,<0.002,0.012,1.292,<0.0004,<0.0003,0.0007,<0.007,<0.0004,0.04,0.1124,<0.0001,<0.0004,0.0018,<0.003,0.00027,<0.003,<1.00,<1.8,<4
BInte08,B. Interior de Puno,394132,8247621,2014-03-12,11:58,"Monitoreo Binacional Lago Titicaca 2014 (marzo, sector peruano)",ANA-Binacional,IT 018-2014-ANA-DGCRH-GOCRH_MONITOREO LAGO TITICACA-PERU MARZO 2014.pdf,8 (CUADRO 5),5.33,8.83,18.7,1676,3.65,15.4,3.36,0.075,<0.0002,<0.006,0.348,42.47,<0.003,10.27,212.82,269.55,<0.002,0.755,0.832,1.155,0.205,0.137,1.45,0.03,<0.002,0.01,1.312,<0.0004,<0.0003,<0.0004,<0.007,<0.0004,0.0486,0.1397,<0.0001,<0.0004,0.0012,<0.003,0.00021,<0.003,<1.00,<1.8,<4
BInte09,B. Interior de Puno,393377,8247327,2014-03-12,12:19,"Monitoreo Binacional Lago Titicaca 2014 (marzo, sector peruano)",ANA-Binacional,IT 018-2014-ANA-DGCRH-GOCRH_MONITOREO LAGO TITICACA-PERU MARZO 2014.pdf,8 (CUADRO 5),8.15,9.05,19.2,1665,<2.00,<10.0,5.43,0.073,<0.0002,<0.006,0.336,41.73,<0.003,10.49,206.13,267.05,0.009,0.731,0.8,0.894,0.19,0.106,<1.00,0.02,<0.002,0.01,1.306,<0.0004,<0.0003,0.0007,<0.007,<0.0004,0.0484,0.1306,<0.0001,<0.0004,0.0008,<0.003,0.00024,<0.003,<1.00,<1.8,<4
BInte10,"B. Interior de Puno, zona Achalani",394641,8246844,2014-03-12,12:43,"Monitoreo Binacional Lago Titicaca 2014 (marzo, sector peruano)",ANA-Binacional,IT 018-2014-ANA-DGCRH-GOCRH_MONITOREO LAGO TITICACA-PERU MARZO 2014.pdf,8 (CUADRO 5),5.14,8.96,18.9,1665,4.48,16.4,3.63,0.075,<0.0002,<0.006,0.336,42.1,<0.003,10.0,208.37,275.68,0.004,0.77,0.84,1.275,0.194,0.034,1.34,0.01,<0.002,0.011,1.307,<0.0004,<0.0003,0.0005,<0.007,<0.0004,0.0436,0.1401,<0.0001,<0.0004,0.0016,<0.003,<0.0002,<0.003,<1.00,<1.8,<4
BInte11,"B. Interior de Puno, zona Achalani",395452,8247654,2014-03-12,13:04,"Monitoreo Binacional Lago Titicaca 2014 (marzo, sector peruano)",ANA-Binacional,IT 018-2014-ANA-DGCRH-GOCRH_MONITOREO LAGO TITICACA-PERU MARZO 2014.pdf,8 (CUADRO 5),6.48,6.84,17.6,1668,6.96,25.9,3.93,0.075,<0.0002,<0.006,0.337,41.72,<0.003,9.15,207.73,276.14,0.01,0.633,0.776,1.119,0.194,0.035,2.1,0.01,<0.002,0.01,1.295,<0.0004,<0.0003,0.0009,<0.007,<0.0004,0.0444,0.134,<0.0001,<0.0004,<0.0004,<0.003,<0.0002,<0.003,<1.00,<1.8,<4
BPuno01,R. Frente a la captacion Chimu,396052,8250794,2014-03-12,13:38,"Monitoreo Binacional Lago Titicaca 2014 (marzo, sector peruano)",ANA-Binacional,IT 018-2014-ANA-DGCRH-GOCRH_MONITOREO LAGO TITICACA-PERU MARZO 2014.pdf,9 (CUADRO 6),5.87,8.63,17.4,1516,<2.00,<10.0,<3.00,0.064,<0.0002,<0.006,0.328,38.57,<0.003,2.03,190.71,248.18,<0.002,0.446,0.5,0.026,0.04,<0.003,<1.00,<0.01,<0.002,0.011,1.26,<0.0004,<0.0003,<0.0004,<0.007,<0.0004,0.0054,0.0075,<0.0001,<0.0004,0.0016,<0.003,<0.0002,<0.003,<1.00,<1.8,<4
RWilly01,rio Willy,397111,8247370,2014-03-12,14:12,"Monitoreo Binacional Lago Titicaca 2014 (marzo, sector peruano)",ANA-Binacional,IT 018-2014-ANA-DGCRH-GOCRH_MONITOREO LAGO TITICACA-PERU MARZO 2014.pdf,9 (CUADRO 6),5.44,8.22,17.5,1557,5.06,12.9,<3.00,0.063,<0.0002,<0.006,0.331,38.29,<0.003,1.99,191.33,270.45,<0.002,0.039,0.046,0.034,0.048,<0.003,<1.00,<0.01,<0.002,0.009,1.238,<0.0004,<0.0003,0.0005,<0.007,<0.0004,0.0136,0.0079,<0.0001,<0.0004,0.0011,<0.003,<0.0002,<0.003,<1.00,<1.8,<4
BPuno02,"B. de Puno, zona Ichupampa",399882,8246437,2014-03-13,12:00,"Monitoreo Binacional Lago Titicaca 2014 (marzo, sector peruano)",ANA-Binacional,IT 018-2014-ANA-DGCRH-GOCRH_MONITOREO LAGO TITICACA-PERU MARZO 2014.pdf,9 (CUADRO 6),6.31,8.78,16.7,1457,<2.00,<10.0,<3.00,0.06,<0.0002,<0.006,0.286,34.67,<0.003,1.53,179.72,258.64,<0.002,<0.030,<0.010,0.041,0.037,<0.003,<1.00,0.04,<0.002,0.008,1.265,<0.0004,<0.0003,<0.0004,<0.007,<0.0004,0.0361,0.0032,<0.0001,<0.0004,<0.0004,<0.003,<0.0002,<0.003,<1.00,<1.8,<4
BPuno03,"B. de Puno, zona Ichupampa",400715,8248732,2014-03-13,12:28,"Monitoreo Binacional Lago Titicaca 2014 (marzo, sector peruano)",ANA-Binacional,IT 018-2014-ANA-DGCRH-GOCRH_MONITOREO LAGO TITICACA-PERU MARZO 2014.pdf,9 (CUADRO 6),6.37,8.79,16.4,1514,<2.00,<10.0,<3.00,0.061,<0.0002,<0.006,0.284,35.23,<0.003,1.51,182.18,253.86,<0.002,<0.030,<0.010,0.021,0.033,<0.003,<1.00,0.03,<0.002,0.01,1.29,<0.0004,<0.0003,<0.0004,<0.007,<0.0004,0.0207,0.0006,<0.0001,<0.0004,<0.0004,<0.003,<0.0002,<0.003,<1.00,<1.8,<4
BPuno04,"B. de Puno, zona de Chucuito",403189,8245455,2014-03-13,13:10,"Monitoreo Binacional Lago Titicaca 2014 (marzo, sector peruano)",ANA-Binacional,IT 018-2014-ANA-DGCRH-GOCRH_MONITOREO LAGO TITICACA-PERU MARZO 2014.pdf,9 (CUADRO 6),6.37,8.69,16.7,1516,<2.00,<10.0,<3.00,0.062,<0.0002,<0.006,0.29,37.91,<0.003,1.63,179.96,260.68,<0.002,<0.030,<0.010,0.027,<0.030,<0.003,<1.00,0.02,<0.002,0.007,1.233,<0.0004,<0.0003,<0.0004,<0.007,<0.0004,0.019,0.0012,<0.0001,<0.0004,<0.0004,<0.003,<0.0002,0.005,<1.00,<1.8,<4
BPuno05,"B. de Puno, zona de Chucuito",405613,8248638,2014-03-13,13:55,"Monitoreo Binacional Lago Titicaca 2014 (marzo, sector peruano)",ANA-Binacional,IT 018-2014-ANA-DGCRH-GOCRH_MONITOREO LAGO TITICACA-PERU MARZO 2014.pdf,9 (CUADRO 6),6.52,8.79,16.1,1522,<2.00,<10.0,<3.00,0.062,<0.0002,<0.006,0.295,38.12,<0.003,1.69,182.67,261.14,<0.002,<0.030,<0.010,<0.020,0.037,<0.003,<1.00,0.02,<0.002,0.009,1.251,<0.0004,<0.0003,<0.0004,<0.007,<0.0004,0.0119,0.0017,<0.0001,<0.0004,<0.0004,<0.003,<0.0002,0.005,<1.00,<1.8,<4
BPuno06,"B. de Puno, zona de Chucuito",404771,8251796,2014-03-13,14:25,"Monitoreo Binacional Lago Titicaca 2014 (marzo, sector peruano)",ANA-Binacional,IT 018-2014-ANA-DGCRH-GOCRH_MONITOREO LAGO TITICACA-PERU MARZO 2014.pdf,9 (CUADRO 6),6.52,8.57,16.5,1508,<2.00,<10.0,<3.00,0.061,<0.0002,<0.006,0.299,37.34,<0.003,1.61,179.45,262.5,<0.002,<0.030,<0.010,<0.020,<0.030,<0.003,<1.00,0.02,<0.002,0.008,1.242,<0.0004,<0.0003,<0.0004,<0.007,<0.0004,0.0036,<0.0004,<0.0001,<0.0004,<0.0004,<0.003,<0.0002,<0.003,<1.00,<1.8,<4
BPuno07,"B. de Puno, Punto Blanco",416264,8258045,2014-03-13,15:45,"Monitoreo Binacional Lago Titicaca 2014 (marzo, sector peruano)",ANA-Binacional,IT 018-2014-ANA-DGCRH-GOCRH_MONITOREO LAGO TITICACA-PERU MARZO 2014.pdf,9 (CUADRO 6),6.98,8.95,16.2,1480,<2.00,<10.0,<3.00,0.061,<0.0002,<0.006,0.286,35.2,<0.003,1.55,172.64,249.09,<0.002,<0.030,<0.010,<0.020,<0.030,<0.003,<1.00,0.01,<0.002,0.008,1.187,<0.0004,<0.0003,<0.0004,<0.007,<0.0004,0.0025,<0.0004,<0.0001,<0.0004,<0.0004,<0.003,<0.0002,0.009,<1.00,<1.8,<4
BPuno08,"B. de Puno, zona de Tangra",408666,8266084,2014-03-13,16:50,"Monitoreo Binacional Lago Titicaca 2014 (marzo, sector peruano)",ANA-Binacional,IT 018-2014-ANA-DGCRH-GOCRH_MONITOREO LAGO TITICACA-PERU MARZO 2014.pdf,9 (CUADRO 6),7.2,9.09,16.4,1041,<2.00,<10.0,<3.00,0.049,<0.0002,<0.006,0.197,22.96,<0.003,2.93,121.31,160.23,<0.002,<0.030,<0.010,<0.020,<0.030,<0.003,<1.00,0.02,<0.002,0.011,0.809,<0.0004,<0.0003,<0.0004,<0.007,<0.0004,0.0127,0.0119,<0.0001,<0.0004,<0.0004,<0.003,<0.0002,0.006,<1.00,<1.8,<4
LTiti01,A 8.2 km de la bahia de Kapara,411590,8288485,2014-03-14,11:26,"Monitoreo Binacional Lago Titicaca 2014 (marzo, sector peruano)",ANA-Binacional,IT 018-2014-ANA-DGCRH-GOCRH_MONITOREO LAGO TITICACA-PERU MARZO 2014.pdf,10 (CUADRO 7),7.11,8.93,15.7,1471,<2.00,<10.0,<3.00,0.062,<0.0002,<0.006,0.288,37.34,<0.003,1.75,177.35,242.95,<0.002,<0.030,<0.010,<0.020,<0.030,<0.003,<1.00,0.03,<0.002,0.009,1.229,<0.0004,<0.0003,<0.0004,<0.007,<0.0004,0.0268,0.0012,<0.0001,<0.0004,<0.0004,<0.003,<0.0002,<0.003,<1.00,<1.8,<4
LTiti02,A 5.6 km frente a desembocadura rio Ramis,421239,8300287,2014-03-14,12:50,"Monitoreo Binacional Lago Titicaca 2014 (marzo, sector peruano)",ANA-Binacional,IT 018-2014-ANA-DGCRH-GOCRH_MONITOREO LAGO TITICACA-PERU MARZO 2014.pdf,10 (CUADRO 7),6.82,8.82,15.7,1422,<2.00,<10.0,<3.00,0.061,<0.0002,<0.006,0.271,35.39,<0.003,2.89,168.17,244.55,<0.002,<0.030,<0.010,<0.020,<0.030,<0.003,<1.00,0.04,<0.002,0.007,1.161,<0.0004,<0.0003,<0.0004,<0.007,<0.0004,0.026,0.0007,<0.0001,<0.0004,<0.0004,<0.003,<0.0002,<0.003,<1.00,<1.8,<4
LTiti03,A 750 m de la desembocadura del rio Ramis,418234,8304524,2014-03-14,13:50,"Monitoreo Binacional Lago Titicaca 2014 (marzo, sector peruano)",ANA-Binacional,IT 018-2014-ANA-DGCRH-GOCRH_MONITOREO LAGO TITICACA-PERU MARZO 2014.pdf,10 (CUADRO 7),6.69,8.65,18.2,634,<2.00,<10.0,13.83,0.07,<0.0002,<0.006,0.166,21.75,<0.003,14.96,88.79,142.45,<0.002,<0.030,<0.010,<0.020,<0.030,<0.003,<1.00,0.44,<0.002,0.006,0.705,<0.0004,<0.0003,<0.0004,<0.007,<0.0004,0.4683,0.0185,<0.0001,<0.0004,<0.0004,<0.003,<0.0002,0.003,<1.00,2,<4
DRami01,Desembocadura del rio Ramis,418598,8304764,2014-03-14,14:15,"Monitoreo Binacional Lago Titicaca 2014 (marzo, sector peruano)",ANA-Binacional,IT 018-2014-ANA-DGCRH-GOCRH_MONITOREO LAGO TITICACA-PERU MARZO 2014.pdf,10 (CUADRO 7),6.52,8.45,16.4,512,<2.00,<10.0,7.28,0.068,<0.0002,<0.006,0.087,11.54,<0.003,20.93,29.82,106.14,<0.002,<0.030,<0.010,<0.020,<0.030,<0.003,<1.00,0.33,<0.002,0.004,0.379,<0.0004,<0.0003,<0.0004,<0.007,<0.0004,0.3124,0.0128,<0.0001,<0.0004,<0.0004,<0.003,<0.0002,<0.003,<1.00,23,<4
LTiti04,A 4.7km de la bahia del distrito de Moho,441324,8295062,2014-03-15,09:55,"Monitoreo Binacional Lago Titicaca 2014 (marzo, sector peruano)",ANA-Binacional,IT 018-2014-ANA-DGCRH-GOCRH_MONITOREO LAGO TITICACA-PERU MARZO 2014.pdf,10 (CUADRO 7),7.14,8.85,15.6,1464,<2.00,<10.0,<3.00,0.06,<0.0002,<0.006,0.29,34.36,<0.003,2.23,155.31,247.27,<0.002,<0.030,<0.010,0.027,0.004,<0.003,<1.00,0.01,<0.002,0.006,1.171,<0.0004,<0.0003,<0.0004,<0.007,<0.0004,0.0118,<0.0004,<0.0001,<0.0004,<0.0004,<0.003,<0.0002,<0.003,<1.00,<1.8,<4
LTiti05,Zona media lago mayor entre islas Soto y Amantani,438113,8270420,2014-03-16,09:08,"Monitoreo Binacional Lago Titicaca 2014 (marzo, sector peruano)",ANA-Binacional,IT 018-2014-ANA-DGCRH-GOCRH_MONITOREO LAGO TITICACA-PERU MARZO 2014.pdf,10 (CUADRO 7),8,8.96,14.2,1560,<2.00,<10.0,<3.00,0.06,<0.0002,<0.006,0.306,34.43,<0.003,1.71,157.05,262.05,<0.002,<0.030,<0.010,0.025,<0.030,<0.003,<1.00,0.02,<0.002,0.006,1.204,<0.0004,<0.0003,<0.0004,<0.007,<0.0004,0.0227,0.0227,<0.0001,<0.0004,<0.0004,<0.003,<0.0002,<0.003,<1.00,<1.8,<4
LTiti07,Al NO del sistema de jaula de Piscifactoria Los Andes,421981,8241699,2014-03-16,11:05,"Monitoreo Binacional Lago Titicaca 2014 (marzo, sector peruano)",ANA-Binacional,IT 018-2014-ANA-DGCRH-GOCRH_MONITOREO LAGO TITICACA-PERU MARZO 2014.pdf,10 (CUADRO 7),6.81,8.6,15.8,1490,<2.00,<10.0,<3.00,0.06,<0.0002,<0.006,0.303,34.8,<0.003,1.49,156.4,254.32,<0.002,<0.030,<0.010,0.074,<0.030,<0.003,<1.00,<0.01,<0.002,0.006,1.196,<0.0004,<0.0003,<0.0004,<0.007,<0.0004,0.008,<0.0004,<0.0001,<0.0004,<0.0004,<0.003,<0.0002,<0.003,<1.00,<1.8,<4
LTiti06,A 14 km al norte desembocadura rio Ilave,442034,8240764,2014-03-17,08:55,"Monitoreo Binacional Lago Titicaca 2014 (marzo, sector peruano)",ANA-Binacional,IT 018-2014-ANA-DGCRH-GOCRH_MONITOREO LAGO TITICACA-PERU MARZO 2014.pdf,10 (CUADRO 7),6.83,8.74,15.1,1512,<2.00,<10.0,<3.00,0.062,<0.0002,<0.006,0.311,34.88,<0.003,1.57,164.29,263.18,<0.002,<0.030,<0.010,<0.02,<0.030,<0.003,<1.00,0.01,<0.002,0.007,1.238,<0.0004,<0.0003,<0.0004,<0.007,<0.0004,0.0012,<0.0004,<0.0001,<0.0004,<0.0004,<0.003,<0.0002,<0.003,<1.00,<1.8,<4
LTiti08,A 1.6 Km frente a desembocadura rio Ilave,454126,8232085,2014-03-17,10:20,"Monitoreo Binacional Lago Titicaca 2014 (marzo, sector peruano)",ANA-Binacional,IT 018-2014-ANA-DGCRH-GOCRH_MONITOREO LAGO TITICACA-PERU MARZO 2014.pdf,10 (CUADRO 7),6.44,8.68,15.3,1465,<2.00,<10.0,<3.00,0.06,<0.0002,<0.006,0.299,34.04,<0.003,2.8,157.86,250.68,<0.002,<0.030,<0.010,<0.020,<0.030,<0.003,<1.00,0.01,<0.002,0.007,1.195,<0.0004,<0.0003,<0.0004,<0.007,<0.0004,0.0087,<0.0004,<0.0001,<0.0004,<0.0004,<0.003,<0.0002,<0.003,<1.00,<1.8,<4
LTiti09,Ensenada de la bahia del distrito Juli,452789,8215059,2014-03-17,12:06,"Monitoreo Binacional Lago Titicaca 2014 (marzo, sector peruano)",ANA-Binacional,IT 018-2014-ANA-DGCRH-GOCRH_MONITOREO LAGO TITICACA-PERU MARZO 2014.pdf,10 (CUADRO 7),6.57,8.7,16.6,1491,<2.00,<10.0,<3.00,0.062,<0.0002,<0.006,0.31,35.31,<0.003,1.52,162.51,264.09,<0.002,<0.030,<0.010,<0.020,<0.030,<0.003,<1.00,<0.01,<0.002,0.006,1.243,<0.0004,<0.0003,<0.0004,<0.007,<0.0004,0.0016,<0.0004,<0.0001,<0.0004,<0.0004,<0.003,<0.0002,0.003,<1.00,<1.8,<4
JChoc01,Jaulas artesanales de Chucasuyo,458788,8209314,2014-03-17,13:05,"Monitoreo Binacional Lago Titicaca 2014 (marzo, sector peruano)",ANA-Binacional,IT 018-2014-ANA-DGCRH-GOCRH_MONITOREO LAGO TITICACA-PERU MARZO 2014.pdf,10 (CUADRO 7),6.87,8.66,16.1,1499,<2.00,<10.0,<3.00,0.062,<0.0002,<0.006,0.311,35.66,<0.003,1.58,163.28,261.59,<0.002,<0.030,<0.010,<0.020,<0.030,<0.003,<1.00,0.01,<0.002,0.006,1.257,<0.0004,<0.0003,<0.0004,<0.007,<0.0004,<0.001,<0.0004,<0.0001,<0.0004,<0.0004,<0.003,<0.0002,<0.003,<1.00,<1.8,<4
LTiti10,Al NO de jaulas de truchas de Pomata,468110,8203415,2014-03-17,14:20,"Monitoreo Binacional Lago Titicaca 2014 (marzo, sector peruano)",ANA-Binacional,IT 018-2014-ANA-DGCRH-GOCRH_MONITOREO LAGO TITICACA-PERU MARZO 2014.pdf,10 (CUADRO 7),7.1,8.87,16.1,1507,<2.00,<10.0,<3.00,0.063,<0.0002,<0.006,0.317,35.78,<0.003,1.48,166.75,257.05,<0.002,<0.030,<0.010,<0.020,<0.030,<0.003,<1.00,0.01,<0.002,0.006,1.279,<0.0004,<0.0003,<0.0004,<0.007,<0.0004,0.0032,0.0009,<0.0001,<0.0004,<0.0004,<0.003,<0.0002,<0.003,<1.00,<1.8,<4
BPoma01,Bahia del puerto de Pomata,468517,8202398,2014-03-18,07:18,"Monitoreo Binacional Lago Titicaca 2014 (marzo, sector peruano)",ANA-Binacional,IT 018-2014-ANA-DGCRH-GOCRH_MONITOREO LAGO TITICACA-PERU MARZO 2014.pdf,10 (CUADRO 7),4.39,8.37,15.3,1507,<2.00,<10.0,<3.00,0.064,<0.0002,<0.006,0.309,35.4,<0.003,0.86,160.68,263.18,<0.002,<0.030,<0.010,0.03,<0.030,<0.003,<1.00,0.01,<0.002,0.007,1.25,<0.0004,<0.0003,<0.0004,<0.007,<0.0004,0.0058,<0.0004,<0.0001,<0.0004,<0.0004,<0.003,<0.0002,<0.003,<1.00,<1.8,<4
LTiti11,A 6 km al este de la bahia de Pomata,472560,8206700,2014-03-18,08:20,"Monitoreo Binacional Lago Titicaca 2014 (marzo, sector peruano)",ANA-Binacional,IT 018-2014-ANA-DGCRH-GOCRH_MONITOREO LAGO TITICACA-PERU MARZO 2014.pdf,10 (CUADRO 7),6.85,8.78,15.3,1498,<2.00,<10.0,<3.00,0.062,<0.0002,<0.006,0.309,35.22,<0.003,1.56,159.42,261.14,<0.002,<0.030,<0.010,<0.020,<0.030,<0.003,<1.00,<0.01,<0.002,0.007,1.25,<0.0004,<0.0003,<0.0004,<0.007,<0.0004,<0.001,<0.0004,<0.0001,<0.0004,<0.0004,<0.003,<0.0002,<0.003,<1.00,<1.8,<4
RCutu01,Bahia de Cuturapi,480238,8202339,2014-03-18,09:21,"Monitoreo Binacional Lago Titicaca 2014 (marzo, sector peruano)",ANA-Binacional,IT 018-2014-ANA-DGCRH-GOCRH_MONITOREO LAGO TITICACA-PERU MARZO 2014.pdf,10 (CUADRO 7),6.92,8.84,15.6,1501,<2.00,<10.0,9.47,0.06,<0.0002,<0.006,0.303,35.02,<0.003,1.57,157.74,256.59,<0.002,0.122,0.199,0.09,<0.030,<0.003,<1.00,0.02,<0.002,0.007,1.238,<0.0004,<0.0003,<0.0004,<0.007,<0.0004,0.0043,0.0086,<0.0001,<0.0004,<0.0004,<0.003,<0.0002,0.032,<1.00,2,<4
LTiti12,A 530 m frente al efluente de aguas residuales de Yunguyo,488897,8205141,2014-03-18,10:29,"Monitoreo Binacional Lago Titicaca 2014 (marzo, sector peruano)",ANA-Binacional,IT 018-2014-ANA-DGCRH-GOCRH_MONITOREO LAGO TITICACA-PERU MARZO 2014.pdf,10 (CUADRO 7),7.64,9.7,16.4,1261,<2.00,<10.0,<3.00,0.056,<0.0002,<0.006,0.244,29.68,<0.003,3.65,131.91,212.05,<0.002,<0.030,<0.010,0.024,0.092,<0.003,<1.00,0.1,<0.002,0.005,1.034,<0.0004,<0.0003,<0.0004,<0.007,<0.0004,0.0724,0.0092,<0.0001,<0.0004,<0.0004,<0.003,<0.0002,<0.003,<1.00,2,<4
RDesa01,Puente Rio Desaguadero,496083,8168712,2014-03-18,09:15,"Monitoreo Binacional Lago Titicaca 2014 (marzo, sector peruano)",ANA-Binacional,IT 018-2014-ANA-DGCRH-GOCRH_MONITOREO LAGO TITICACA-PERU MARZO 2014.pdf,10 (CUADRO 7),5.95,8.54,16.37,1762,<2.00,<10.0,<3.00,0.062,<0.0002,<0.006,0.381,44.46,<0.003,0.77,198.26,310.45,<0.002,<0.030,<0.010,0.029,0.132,<0.003,<1.00,0.01,<0.002,0.009,1.573,<0.0004,<0.0003,<0.0004,<0.007,<0.0004,0.0042,0.0107,<0.0001,<0.0004,<0.0004,<0.003,<0.0002,<0.003,<1.00,1100,<4
LTiti14,Lago Huinaymarca a 3.3 km frente a Zepita,494720,8176866,2014-03-18,07:16,"Monitoreo Binacional Lago Titicaca 2014 (marzo, sector peruano)",ANA-Binacional,IT 018-2014-ANA-DGCRH-GOCRH_MONITOREO LAGO TITICACA-PERU MARZO 2014.pdf,10 (CUADRO 7),6.54,8.83,15.6,1804,<2.00,<10.0,<3.00,0.06,<0.0002,<0.006,0.338,43.02,<0.003,0.77,191.69,340.45,<0.002,<0.030,<0.010,0.026,0.11,<0.003,<1.00,0.02,<0.002,0.009,1.576,<0.0004,<0.0003,<0.0004,<0.007,<0.0004,0.0231,0.0116,<0.0001,<0.0004,<0.0004,<0.003,<0.0002,0.008,<1.00,<1.8,<4
LTiti13,Lago Huinaymarca al NE frente a Sucauma,500259,8192639,2014-03-21,08:31,"Monitoreo Binacional Lago Titicaca 2014 (marzo, sector peruano)",ANA-Binacional,IT 018-2014-ANA-DGCRH-GOCRH_MONITOREO LAGO TITICACA-PERU MARZO 2014.pdf,10 (CUADRO 7),6.43,8.85,16.1,1784,<2.00,<10.0,<3.00,0.062,<0.0002,<0.006,0.342,42.52,<0.003,0.85,190.46,321.82,<0.002,<0.030,<0.010,0.152,0.073,<0.003,<1.00,0.02,<0.002,0.009,1.591,<0.0004,<0.0003,<0.0004,<0.007,<0.0004,0.0103,0.0073,<0.0001,<0.0004,<0.0004,<0.003,<0.0002,<0.003,<1.00,<1.8,<4
LTiti13.1,"Punto auxiliar, frente a isla Anapia",516601,8196284,2014-03-21,09:45,"Monitoreo Binacional Lago Titicaca 2014 (marzo, sector peruano)",ANA-Binacional,IT 018-2014-ANA-DGCRH-GOCRH_MONITOREO LAGO TITICACA-PERU MARZO 2014.pdf,10 (CUADRO 7),5.38,8.34,16.8,1668,<2.00,<10.0,<3.00,0.063,<0.0002,<0.006,0.322,38.54,<0.003,1.02,177.49,289.77,<0.002,<0.030,<0.010,?,?,<0.003,<1.00,0.03,<0.002,0.008,1.446,<0.0004,<0.0003,<0.0004,<0.007,<0.0004,0.0125,?,<0.0001,<0.0004,<0.0004,<0.003,<0.0002,<0.003,<1.00,<1.8,<4
