path	ext	creator	last_modified_by	pdf_author	raw_or_derived
Analisis de datos/Inventario de datos I.pdf	pdf			Fabrizio Monge	raw
Analisis de datos/Inventario de datos II.pdf	pdf			erinnn	raw
Analisis de datos/Inventario de datos III.pdf	pdf			erinnn	raw
Análisis de Políticas Públicas I.pdf	pdf			kimm	raw
Animales/Aves.pbix	pbix				raw
Animales/Endemicas y amenazadas.xlsx	xlsx	CITES	Yuri Beraun Baca		raw
Censo Puno 2007 y 2017 - Joaquin Suazo/Copia de CPV 2007 Puno - Distrital.xlsx	xlsx	Mariella Pajuelo Purizaca	Mariella Pajuelo Purizaca		raw
Censo Puno 2007 y 2017 - Joaquin Suazo/Copia de CPV 2017 Puno - distrital.xlsx	xlsx	Mariella Pajuelo Purizaca	Mariella Pajuelo Purizaca		raw
Colegios/INTERVENCIONES ACOND TERMICO - PUNO.xlsx	xlsx	Beatriz Marleny Gonzales Sanchez			raw
Colegios/MANTENIMIENTOS COLEGIOS.pbix	pbix				raw
Colegios/Normas PMLE 2008-2025.xlsx	xlsx	Rosie Grace Fontinier Zafra	Rosie Grace Fontinier Zafra		raw
Colegios/USAR ESTE_ Mantenimiento colegios por año/2008-2024.xlsx	xlsx	Rosie Grace Fontinier Zafra	YOLANDA TRIGOS		raw
Colegios/USAR ESTE_ Mantenimiento colegios por año/2009.xlsx	xlsx	Rosie Grace Fontinier Zafra	YOLANDA TRIGOS		raw
Colegios/USAR ESTE_ Mantenimiento colegios por año/2010 ADELANTO.xlsx	xlsx	Rosie Grace Fontinier Zafra	ASUS		raw
Colegios/USAR ESTE_ Mantenimiento colegios por año/2010.xlsx	xlsx	Rosie Grace Fontinier Zafra	ASUS		raw
Colegios/USAR ESTE_ Mantenimiento colegios por año/2011-1.xlsx	xlsx	Rosie Grace Fontinier Zafra	ASUS		raw
Colegios/USAR ESTE_ Mantenimiento colegios por año/2011-II.xlsx	xlsx				raw
Colegios/USAR ESTE_ Mantenimiento colegios por año/2014 PADRON 2014-I Y 2014-II.xlsx	xlsx	Rosie Grace Fontinier Zafra	ASUS		raw
Colegios/USAR ESTE_ Mantenimiento colegios por año/2015 PADRON 2015-I Y 2015-II.xlsx	xlsx	Rosie Grace Fontinier Zafra	ASUS		raw
Colegios/USAR ESTE_ Mantenimiento colegios por año/2016 PADRON 2016.xlsx	xlsx	Rosie Grace Fontinier Zafra	ASUS		raw
Colegios/USAR ESTE_ Mantenimiento colegios por año/2017 PADRON MANTENIMIENTO 2017-I.xlsx	xlsx	phillyps bravo	ASUS		raw
Colegios/USAR ESTE_ Mantenimiento colegios por año/2017-III REPORTE ADELANTO 2018 AL 2018 05 10.xlsx	xlsx	Phillyps Jergger Bravo Ojeda	ASUS		raw
Colegios/USAR ESTE_ Mantenimiento colegios por año/2018 REPORTE MANTENIMIENTO.xlsx	xlsx	Phillyps Jergger Bravo Ojeda	ASUS		raw
Colegios/USAR ESTE_ Mantenimiento colegios por año/2019 REPORTE DE MANTENIMIENTO REGULAR.xlsx	xlsx	Phillyps Jergger Bravo Ojeda	ASUS		raw
Colegios/USAR ESTE_ Mantenimiento colegios por año/2022.xlsx	xlsx	kazan	ASUS		raw
Comisión Multisectorial/DS-007-2016-VIVIENDA-Declaran-de-prioridad-nacional-el-tratamiento-y-disposicion-de-aguas-residuales-de-la-cuenca-Titicaca.pdf	pdf			Diario Oficial El Peruano	raw
Comisión Multisectorial/Documento-Lineamientos-y-Acciones_2015.pdf	pdf				raw
Comisión Multisectorial/ESTADO-DE-LAS-INVERSIONES-EN-EL-LAGO-TITICACA-AL-2013_2014.pdf	pdf			MINAM;GORE Puno	raw
Comisión Multisectorial/Inversiones-para-el-lago-titicaca-INFOGRAFÍA-2015.pdf	pdf				raw
DATA PARA DISEÑO/FAUNA EN PELIGRO/Fauna_datos.xlsx	xlsx				raw
DATA PARA DISEÑO/METALES mg-L/DICCIONARIOS/Diccionario Población_proyectada_Puno_limpia.docx	docx				derived
DATA PARA DISEÑO/METALES mg-L/DICCIONARIOS/Diccionario Tabla_fauna_avifauna_RNT_1998_2008_.docx	docx				raw
DATA PARA DISEÑO/METALES mg-L/DICCIONARIOS/diccionario_RAMIS.docx	docx				raw
DATA PARA DISEÑO/METALES mg-L/DICCIONARIOS/diccionario_RAMIS.pdf	pdf				raw
DATA PARA DISEÑO/METALES mg-L/Documentación y análisis.docx	docx				raw
DATA PARA DISEÑO/METALES mg-L/HUNACANE/Monitoreo_Hunacane.xlsx	xlsx				raw
DATA PARA DISEÑO/METALES mg-L/HUNACANE/Monitoreo_Suches.xlsx	xlsx				raw
DATA PARA DISEÑO/METALES mg-L/ILAVE/Monitoreo_ilave.xlsx	xlsx				raw
DATA PARA DISEÑO/METALES mg-L/JULIACA/LAGUNA_LAGUNILLAS/Monitoreo_Acuicola_lagunillas.xlsx	xlsx				raw
DATA PARA DISEÑO/METALES mg-L/RAMIS/AZANGARO/Monitoreo_Azangaro.xlsx	xlsx				raw
DATA PARA DISEÑO/METALES mg-L/RAMIS/PUCARÁ/Monitoreo_Pucara.xlsx	xlsx				raw
DATA PARA DISEÑO/PLAN MAESTRO/Proyecto futuro “El Plan Maestro”.xlsx	xlsx				raw
DATA PARA DISEÑO/VERTIMIENTOS_RESPONSABLES_PROYECTOS/PROYECTOS ..docx	docx	Rosa Retuerto			raw
DATA PARA DISEÑO/VERTIMIENTOS_RESPONSABLES_PROYECTOS/Vertimientos en puno.pdf	pdf			Rosa Retuerto	raw
DATA PARA MODELO/CALIDAD DEL AGUA/azangaro-ramis.xlsx	xlsx				raw
DATA PARA MODELO/DEMOGRAFIA/Población_proyectada_Puno_limpia.xlsx	xlsx	openpyxl			derived
DATA PARA MODELO/FAUNA/Tabla_fauna_avifauna_RNT_1998_2008.xlsx	xlsx	openpyxl			derived
DATA PARA MODELO/NIVELES DEL AGUA (LAGO)/Nivel del agua .xlsx	xlsx				raw
Datos_ProyectoTiticaca.xlsx	xlsx				raw
Demografía de Puno y Proyecciones/CPV 2017 - Indicadores a nivel de centro Poblado - Puno.xlsx	xlsx	Milagros Gallegos	Milagros Gallegos		raw
Demografía de Puno y Proyecciones/PUNO INDICADORES DEMOGRÁFICOS, SEGÚN AÑOS CALENDARIO, 1995 - 2030.xlsx	xlsx	Milagros Gallegos	Milagros Gallegos		raw
Demografía de Puno y Proyecciones/Proyecciones de población_distrital_2024-2025-1891 DISTRITOS.xlsx	xlsx	Jhon F. de la Cerna Villavicencio			raw
Demografía de Puno y Proyecciones/Puno - Población estimada y proyectada por departamento, según edad simple y año calendario 1995-2030.xlsx	xlsx	Renzo Bezada Davalos			raw
Estado de la calidad del agua/12. Caracterización General e Hidrologica de la Cuenca de Aporte al Lago Titicaca-Peru_2_compressed.pdf	pdf			Fran	raw
Estado de la calidad del agua/137.pdf	pdf			Jimenez	raw
Estado de la calidad del agua/166-2.pdf	pdf			Irene Saldaña-Cortez	raw
Estado de la calidad del agua/4. Estudios de contaminación acuática del Lago Titicaca 2009.pdf	pdf				raw
Estado de la calidad del agua/71773-2021_IT N° 068-2021-ANA-AAA.TIT-RWAA_MON UH SUCHES MAYO 2021.pdf	pdf			RICHARD	raw
Estado de la calidad del agua/84172-2021_IT N° 085-2021-ANA.AAA.TIT-RWAA_MON UH COATA MAYO 2021.pdf	pdf			Practicante de DGCRH 02	raw
Estado de la calidad del agua/9. Dinámica de metales pesados_final_compressed-2.pdf	pdf				raw
Estado de la calidad del agua/ANA0000375.pdf	pdf				raw
Estado de la calidad del agua/ANA0000376.pdf	pdf				raw
Estado de la calidad del agua/ANA0000422.pdf	pdf				raw
Estado de la calidad del agua/ANA0000953.pdf	pdf			HyperGEAR,Inc.	raw
Estado de la calidad del agua/ANA0001863.pdf	pdf				raw
Estado de la calidad del agua/ANA0002935.pdf	pdf			Ministerio del Ambiente	raw
Estado de la calidad del agua/ANA0004414_1.pdf	pdf			ALA - Juliaca	raw
Estado de la calidad del agua/BOLETIN CUATRIFOLIADO Calidad Aguas y Hidrometeorolgia 2017_optimize_OCR.pdf	pdf			Elisban	raw
Estado de la calidad del agua/BOLETIN GESTION DE LA CALIDAD RRHH-TITICACA 2024.pdf	pdf			RICHARD	raw
Estado de la calidad del agua/ESTUDIO-DEL-ESTADO-DE-LA-CALIDAD-AMBIENTAL-CUENCA-DEL-TITICACA..pdf	pdf			Fran	raw
Estado de la calidad del agua/Efecto contaminación en peces del Género Orestias.pdf	pdf				raw
Estado de la calidad del agua/Evaluación fuentes contaminantes.pdf	pdf				raw
Estado de la calidad del agua/Evolucion del nivel del Lago Titicaca durante el siglo XX.pdf	pdf			Ronchail, J.; Espinoza, J.C.; Callède, Jacques; Lavado, W.	raw
Estado de la calidad del agua/IF_076-2016-OEFA-DE-SDCA.pdf	pdf				raw
Estado de la calidad del agua/INFORME AGUAS SUPERFICIALES CORRIENTES 2020.PEBLT.pdf.pdf	pdf				raw
Estado de la calidad del agua/INFORME AGUAS SUPERFICIALES CORRIENTES AÑO 2019.pdf.pdf	pdf				raw
Estado de la calidad del agua/INFORME BAHÍA INTERIOS PUNO LAGO TITICACA 2020.PEBLT.pdf.pdf	pdf				raw
Estado de la calidad del agua/INFORME BAHÍA LAGO TITICACA AÑO 2019.pdf.pdf	pdf				raw
Estado de la calidad del agua/INFORME DE BAHÍAS LAGO TITICACA 2020.PEBLT.pdf.pdf	pdf				raw
Estado de la calidad del agua/INFORME I CRUCERO HIDROQUIMICO AÑO 2019.pdf.pdf	pdf				raw
Estado de la calidad del agua/INFORME II CRUCERO HIDROQUIMICO AÑO 2019.pdf.pdf	pdf				raw
Estado de la calidad del agua/IT  007-2013-ANA-DGCRHJJOS_MONITOREO LAGO TITICACA BAHIA PUNO ABRIL 2013_CUT 83735-2013.pdf	pdf				raw
Estado de la calidad del agua/PROTOCOLO-BINACIONAL_compressed.pdf	pdf				raw
Estado de la calidad del agua/a10v22n3.pdf	pdf			Facultad de Ciencias Biologicas	raw
Estado de la calidad del agua/plan_titicaca_de_accion_titicaca_2020-2024_aprobado.pdf	pdf			(Decreto Supremo N° 075-2013-PCM)	raw
Estado de la calidad del agua/wBhW6oA3nZrzGWZm1LIrJwZYHKJtf24gN31Ba6R0.pdf	pdf			Xavier Lazzaro	raw
Estudios y papers/Bibliografía_Puno/4-99-108.pdf	pdf			Juan W. Tudela-Mamani	raw
Estudios y papers/Bibliografía_Puno/As water levels recede, Indigenous communities and scientists collaborate to protect Lake Titicaca and its high-altitude endemic species.pdf	pdf			Swift Benjamin	raw
Estudios y papers/Bibliografía_Puno/Evaluación de la Calidad del Agua en el Lago Titicaca, Perú Usando el Método de Agrupamiento Gris.pdf	pdf			-	raw
Estudios y papers/Bibliografía_Puno/Evolucion del nivel del Lago Titicaca durante el siglo XX.pdf	pdf			Ronchail, J.; Espinoza, J.C.; Callède, Jacques; Lavado, W.	raw
Estudios y papers/Bibliografía_Puno/Exploring Trends and Variability of Water Quality over Lake Titicaca Using Global Remote Sensing Products.pdf	pdf			Vann Harvey Maligaya, Analy Baltodano, Afnan Agramont and Ann van Griensven	raw
Estudios y papers/Bibliografía_Puno/Fauna y Flora/1 Inf. Caract. Lagunillas en evento de mortan. trucha_jun2023.PDF	pdf			IMARPE	raw
Estudios y papers/Bibliografía_Puno/Fauna y Flora/2 Inf. Mortan. trucha en lagunillas - Puno.pdf	pdf			puno01	raw
Estudios y papers/Bibliografía_Puno/Fauna y Flora/3. Inf. Param. fis. quí. y Biol. Lag. Saguani en evento de mortand. de tucha_jun.2028.pdf	pdf				raw
Estudios y papers/Bibliografía_Puno/Fauna y Flora/4. Estudios de contaminación acuática del Lago Titicaca 2009.pdf	pdf				raw
Estudios y papers/Bibliografía_Puno/Fauna y Flora/5. Eval. de impactos ambiental en el lago Titicaca 2014.pdf	pdf			mpolar	raw
Estudios y papers/Bibliografía_Puno/Fauna y Flora/Anuario 2010.pdf	pdf			PC	raw
Estudios y papers/Bibliografía_Puno/Fauna y Flora/Aspectos físico-químicos.pdf	pdf				raw
Estudios y papers/Bibliografía_Puno/Fauna y Flora/Efecto contaminación en peces del Género Orestias.pdf	pdf				raw
Estudios y papers/Bibliografía_Puno/Fauna y Flora/Evaluación fuentes contaminantes.pdf	pdf				raw
Estudios y papers/Bibliografía_Puno/Multi-time scale analysis of the water level minima in Lake Titicaca over the past 103 years.pdf	pdf			﻿Juan﻿ ﻿Sulca﻿	raw
Estudios y papers/Bibliografía_Puno/Untangling the effects of climate variability and irrigation management on water levels in Lakes Titicaca and Poopo.pdf	pdf			Nilo Lima-Quispe	raw
Estudios y papers/Respaldo a la metodología de Guedron.pdf	pdf				raw
Estudios y papers/fuentes titicaca - salud (Joaquin y Xiomara).xlsx	xlsx				raw
Estudios y papers/guédron-et-al-2023-holocene-variations-in-lake-titicaca-water-level-and-their-implications-for-sociopol.pdf	pdf				raw
Información agricultura, precio en chacra - Joaquin Suazo/Copia de ANEXO_01250013385601.xlsx	xlsx	Usuario DEIA 40	Usuario OACID 54		raw
Información agricultura, precio en chacra - Joaquin Suazo/Copia de ANEXO_01250013385602.xlsx	xlsx	Personal Autorizado			raw
MIDARH/MIDARH.xlsx	xlsx	openpyxl	Gabriel Morales Rojas		derived
Mendoza Grecia_ECDATA CONSTRUCCION 2007 y 2017.xlsx	xlsx	Milagros Gallegos	Grecia  Mendoza Manrique		raw
Monitoreo de cuencas/2026_02_10_17_18_53_921.xls	xls				raw
Monitoreo de cuencas/2026_02_10_17_20_27_695.xls	xls				raw
Monitoreo de cuencas/2026_02_10_17_20_34_116.xls	xls				raw
Monitoreo de cuencas/2026_02_10_17_20_54_761.xls	xls				raw
Monitoreo de cuencas/2026_02_10_17_21_10_564.xls	xls				raw
Monitoreo de cuencas/2026_02_10_17_21_19_379.xls	xls				raw
Monitoreo de cuencas/2026_02_10_17_21_28_584.xls	xls				raw
Monitoreo de cuencas/2026_02_10_17_21_35_240.xls	xls				raw
Monitoreo de cuencas/2026_02_10_17_21_42_399.xls	xls				raw
Monitoreo de cuencas/2026_02_10_17_21_47_242.xls	xls				raw
Monitoreo de cuencas/2026_02_10_17_21_54_323.xls	xls				raw
Monitoreo de cuencas/2026_02_10_17_22_12_952.xls	xls				raw
Monitoreo de cuencas/2026_02_10_17_22_18_298.xls	xls				raw
Monitoreo de cuencas/2026_02_10_17_22_23_173.xls	xls				raw
Monitoreo de cuencas/2026_02_10_17_22_27_550.xls	xls				raw
Monitoreo de cuencas/2026_02_10_17_22_46_240.xls	xls				raw
Monitoreo de cuencas/2026_02_10_17_22_54_820.xls	xls				raw
Monitoreo de cuencas/2026_02_10_17_23_00_010.xls	xls				raw
Monitoreo de cuencas/2026_02_10_17_23_27_248.xls	xls				raw
Monitoreo de cuencas/2026_02_10_17_23_32_766.xls	xls				raw
Monitoreo de cuencas/2026_02_10_17_23_37_266.xls	xls				raw
Monitoreo de cuencas/2026_02_10_17_23_42_096.xls	xls				raw
Monitoreo de cuencas/2026_02_10_17_23_46_471.xls	xls				raw
Monitoreo de cuencas/2026_02_10_17_23_51_473.xls	xls				raw
Monitoreo de cuencas/2026_02_10_17_23_55_817.xls	xls				raw
Monitoreo de cuencas/2026_02_10_17_24_01_475.xls	xls				raw
Monitoreo de cuencas/2026_02_10_17_24_06_241.xls	xls				raw
Monitoreo de cuencas/2026_02_10_17_24_10_384.xls	xls				raw
Monitoreo de cuencas/2026_02_10_17_24_14_399.xls	xls				raw
Monitoreo de cuencas/2026_02_10_17_24_18_340.xls	xls				raw
Monitoreo de cuencas/2026_02_10_17_24_22_574.xls	xls				raw
Monitoreo de cuencas/2026_02_10_17_24_26_574.xls	xls				raw
Monitoreo de cuencas/2026_02_10_17_24_30_905.xls	xls				raw
Monitoreo de cuencas/2026_02_10_17_24_34_998.xls	xls				raw
Monitoreo de cuencas/2026_02_10_17_24_38_470.xls	xls				raw
Monitoreo de cuencas/2026_02_10_17_24_41_814.xls	xls				raw
Monitoreo de cuencas/2026_02_10_17_24_44_845.xls	xls				raw
Monitoreo de cuencas/2026_02_10_17_24_48_738.xls	xls				raw
Monitoreo de cuencas/2026_02_10_17_24_51_894.xls	xls				raw
Monitoreo de cuencas/2026_02_10_17_24_54_910.xls	xls				raw
Monitoreo de cuencas/2026_02_10_17_24_58_616.xls	xls				raw
Monitoreo de cuencas/2026_02_10_17_25_04_132.xls	xls				raw
Monitoreo de cuencas/2026_02_10_17_25_09_869.xls	xls				raw
Monitoreo de cuencas/2026_02_10_17_25_13_462.xls	xls				raw
Monitoreo de cuencas/2026_02_10_17_25_17_966.xls	xls				raw
Monitoreo de cuencas/2026_02_10_17_25_21_200.xls	xls				raw
Monitoreo de cuencas/2026_02_10_17_25_27_405.xls	xls				raw
Monitoreo de cuencas/2026_02_10_17_25_31_280.xls	xls				raw
Monitoreo de cuencas/2026_02_10_17_26_47_154.xls	xls				raw
Monitoreo de cuencas/2026_02_10_17_27_01_284.xls	xls				raw
Monitoreo de cuencas/2026_02_10_17_27_05_737.xls	xls				raw
Monitoreo de cuencas/2026_02_10_17_27_11_115.xls	xls				raw
Monitoreo de cuencas/2026_02_10_17_27_18_414.xls	xls				raw
Monitoreo de cuencas/2026_02_10_17_27_23_195.xls	xls				raw
Monitoreo de cuencas/2026_02_10_17_27_27_210.xls	xls				raw
Monitoreo de cuencas/2026_02_10_17_27_33_494.xls	xls				raw
Monitoreo de cuencas/2026_02_10_17_27_39_403.xls	xls				raw
Monitoreo de cuencas/2026_02_10_17_27_43_434.xls	xls				raw
Monitoreo de cuencas/2026_02_10_17_27_46_965.xls	xls				raw
Monitoreo de cuencas/2026_02_10_17_28_02_158.xls	xls				raw
Monitoreo de cuencas/2026_02_10_17_28_06_720.xls	xls				raw
Monitoreo de cuencas/2026_02_10_17_28_10_942.xls	xls				raw
Monitoreo de cuencas/2026_02_10_17_28_14_458.xls	xls				raw
Monitoreo de cuencas/2026_02_10_17_28_19_335.xls	xls				raw
Monitoreo de cuencas/2026_02_10_17_28_22_804.xls	xls				raw
Monitoreo de cuencas/2026_02_10_17_28_28_072.xls	xls				raw
Monitoreo de cuencas/2026_02_10_17_28_31_431.xls	xls				raw
Monitoreo de cuencas/2026_02_10_17_28_34_728.xls	xls				raw
Monitoreo de cuencas/2026_02_10_17_28_40_247.xls	xls				raw
Monitoreo de cuencas/2026_02_10_17_28_43_543.xls	xls				raw
Monitoreo de cuencas/2026_02_10_17_28_48_437.xls	xls				raw
Monitoreo de cuencas/2026_02_10_17_28_53_733.xls	xls				raw
Monitoreo de cuencas/2026_02_10_17_28_57_171.xls	xls				raw
Monitoreo de cuencas/2026_02_10_17_29_00_689.xls	xls				raw
Monitoreo de cuencas/2026_02_10_17_29_08_176.xls	xls				raw
Monitoreo de cuencas/2026_02_10_17_29_14_113.xls	xls				raw
Monitoreo de cuencas/2026_02_10_17_29_18_679.xls	xls				raw
Monitoreo de cuencas/2026_02_10_17_29_22_335.xls	xls				raw
Monitoreo de cuencas/2026_02_10_17_29_40_042.xls	xls				raw
Monitoreo de cuencas/2026_02_10_17_29_44_933.xls	xls				raw
Monitoreo de cuencas/2026_02_10_17_29_49_248.xls	xls				raw
Monitoreo del Lago Titicaca/Reporte10022026181036.xlsx	xlsx				raw
Monitoreo del Lago Titicaca/Reporte10022026181213.xlsx	xlsx				raw
Monitoreo del Lago Titicaca/Reporte10022026181244.xlsx	xlsx				raw
Monitoreo del Lago Titicaca/Reporte10022026181303.xlsx	xlsx				raw
Monitoreo del Lago Titicaca/Reporte10022026181507.xlsx	xlsx				raw
Monitoreo del Lago Titicaca/Reporte10022026181533.xlsx	xlsx				raw
Monitoreo del Lago Titicaca/Reporte10022026181552.xlsx	xlsx				raw
Monitoreo del Lago Titicaca/Reporte10022026181610.xlsx	xlsx				raw
Monitoreo del Lago Titicaca/Reporte10022026181626.xlsx	xlsx				raw
Monitoreo del Lago Titicaca/Reporte10022026181648.xlsx	xlsx				raw
Monitoreo del Lago Titicaca/Reporte10022026181710.xlsx	xlsx				raw
Monitoreo del Lago Titicaca/Reporte10022026181726.xlsx	xlsx				raw
Monitoreo del Lago Titicaca/Reporte10022026181742.xlsx	xlsx				raw
Monitoreo del Lago Titicaca/Reporte10022026181802.xlsx	xlsx				raw
Monitoreo del Lago Titicaca/Reporte10022026181818.xlsx	xlsx				raw
Monitoreo del Lago Titicaca/Reporte10022026181833.xlsx	xlsx				raw
Monitores de ríos/Reporte10022026192031.xlsm	xlsm				raw
Monitores de ríos/Reporte10022026192040.xlsx	xlsx				raw
Monitores de ríos/Reporte10022026192110.xlsx	xlsx				raw
Monitores de ríos/Reporte10022026192121.xlsx	xlsx				raw
Monitores de ríos/Reporte10022026192128.xlsx	xlsx				raw
Monitores de ríos/Reporte10022026192134.xlsx	xlsx				raw
Mortalidad neonatal/SAIP 25-004785 (1)_limpia.xlsx	xlsx	openpyxl			derived
Muertes maternas/Muertes_Maternas_Anual_Puno_2000_2025.xlsx	xlsx				raw
Muertes maternas/Muertes_Maternas_Por_Lugar_Puno_2012_2025.xlsx	xlsx				raw
Muertes maternas/Muertes_Maternas_Puno_2012_2025.xlsx	xlsx				raw
Puntos críticos_Titicaca/2026_02_10_18_22_40_459.xls	xls				raw
Puntos críticos_Titicaca/2026_02_10_18_22_50_367.xls	xls				raw
Puntos críticos_Titicaca/2026_02_10_18_22_55_570.xls	xls				raw
Puntos críticos_Titicaca/2026_02_10_18_23_00_900.xls	xls				raw
Puntos críticos_Titicaca/2026_02_10_18_23_09_168.xls	xls				raw
Puntos críticos_Titicaca/2026_02_10_18_23_14_214.xls	xls				raw
Puntos críticos_Titicaca/2026_02_10_18_23_18_640.xls	xls				raw
Puntos críticos_Titicaca/2026_02_10_18_23_22_749.xls	xls				raw
Puntos críticos_Titicaca/2026_02_10_18_23_29_079.xls	xls				raw
Registro de vertederos municipales en la región Puno (2011–2024), con desagregación territorial, tipología de desechos y rutas de transporte hacia el lago Titicaca./Análisis de vertederos autorizados/RD-0022-2025-ANA-DCERH-3.pdf	pdf				raw
Registro de vertederos municipales en la región Puno (2011–2024), con desagregación territorial, tipología de desechos y rutas de transporte hacia el lago Titicaca./Análisis de vertederos autorizados/RD-0047-2025-ANA-DCERH.pdf	pdf				raw
Registro de vertederos municipales en la región Puno (2011–2024), con desagregación territorial, tipología de desechos y rutas de transporte hacia el lago Titicaca./Análisis de vertederos autorizados/RD-0081-2025-ANA-DCERH.pdf	pdf				raw
Registro de vertederos municipales en la región Puno (2011–2024), con desagregación territorial, tipología de desechos y rutas de transporte hacia el lago Titicaca./Análisis de vertederos autorizados/RD-0134-2023-ANA-DCERH.pdf	pdf				raw
Registro de vertederos municipales en la región Puno (2011–2024), con desagregación territorial, tipología de desechos y rutas de transporte hacia el lago Titicaca./Análisis de vertederos autorizados/RD-0183-2023-ANA-DCERH.pdf	pdf				raw
Registro de vertederos municipales en la región Puno (2011–2024), con desagregación territorial, tipología de desechos y rutas de transporte hacia el lago Titicaca./Análisis de vertederos autorizados/RD-0201-2025-ANA-DCERH.pdf	pdf				raw
Registro de vertederos municipales en la región Puno (2011–2024), con desagregación territorial, tipología de desechos y rutas de transporte hacia el lago Titicaca./Vertederos_Caudales_Coata_Actualizados.xlsx	xlsx	Alessandro  Otoniel Ortiz Alcantara			raw
Reporte hidrológico/2026_02_10_18_25_55_956.xls	xls				raw
Reporte hidrológico/Cabanillas.xlsx	xlsx				raw
Reporte hidrológico/Coata.xlsx	xlsx				raw
Reporte hidrológico/Huacané.xlsx	xlsx				raw
Reporte hidrológico/Lampa.xlsx	xlsx				raw
Reporte hidrológico/Llave.xlsx	xlsx				raw
Reporte hidrológico/Ramis.xlsx	xlsx				raw
Reporte hidrológico/Zapitilla.xlsx	xlsx				raw
Resumen de datos analizados.pdf	pdf			u201910982 (Monge Proa, Fabrizio Piero)	raw
Salud/Estadísticas de enfermedades relacionadas con agua contaminada.xlsx	xlsx	MARCO POLO BARDALES ESPINOZA			raw
Salud/Número de establecimientos de salud y de especialistas.xlsx	xlsx	openpyxl			derived
Salud/Número de personas atendidas en los establecimientos de salud a lo largo de los años.xlsx	xlsx	LENOVO	ARTURO ALEXANDER BOBBIO CALDAS - CS		raw
Salud/Número de personas que sufren algún problema de salud a lo largo de los años.xlsx	xlsx	LENOVO	ARTURO ALEXANDER BOBBIO CALDAS - CS		raw
Salud/Perfil de los pacientes.xlsx	xlsx	MARCO POLO BARDALES ESPINOZA			raw
Salud/Principales afecciones de las personas.xlsx	xlsx	MARCO POLO BARDALES ESPINOZA	Xiomara Yon		raw
Turismo en Puno - Joaquin Suazo/Amantai.xls	xls				raw
Turismo en Puno - Joaquin Suazo/Complejo Arqueológico Sillustani.xls	xls				raw
Turismo en Puno - Joaquin Suazo/Museo lítico de Pukara.xls	xls				raw
Turismo en Puno - Joaquin Suazo/Reserva del titicaca.xls	xls				raw
Turismo en Puno - Joaquin Suazo/San Juan de Letrán.xls	xls				raw
Turismo en Puno - Joaquin Suazo/Taquille.xls	xls				raw
Turismo en Puno - Joaquin Suazo/Uros.xls	xls				raw
Visor de cuencas_puntos críticos/1417_Puno_1.pdf	pdf			Ana€Maria€Ochoa€Cabrera	raw
Visor de cuencas_puntos críticos/1445_Puno_29.pdf	pdf			TOSHIBA	raw
Visor de cuencas_puntos críticos/1494_Puno_78-2.pdf	pdf				raw
Visor de cuencas_puntos críticos/1494_Puno_78.pdf	pdf				raw
Visor de cuencas_puntos críticos/1495_Puno_79.pdf	pdf				raw
Visor de cuencas_puntos críticos/1507_Puno_91.pdf	pdf				raw
Visor de cuencas_puntos críticos/1508_Puno_92.pdf	pdf				raw
Visor de cuencas_puntos críticos/1509_Puno_93-2.pdf	pdf			TOSHIBA	raw
Visor de cuencas_puntos críticos/1509_Puno_93.pdf	pdf			TOSHIBA	raw
Visor de cuencas_puntos críticos/1510_Puno_94.pdf	pdf				raw
Visor de cuencas_puntos críticos/1518_Puno_102-2.pdf	pdf			TOSHIBA	raw
Visor de cuencas_puntos críticos/1518_Puno_102.pdf	pdf			TOSHIBA	raw
Visor de cuencas_puntos críticos/1519_Puno_103.pdf	pdf			TOSHIBA	raw
Visor de cuencas_puntos críticos/1524_Puno_108.pdf	pdf				raw
Visor de cuencas_puntos críticos/1526_Puno_110.pdf	pdf				raw
Visor de cuencas_puntos críticos/1534_Puno_118.pdf	pdf			Jhon E. Chahua Janampa	raw
Visor de cuencas_puntos críticos/1538_Puno_122.pdf	pdf			Jhon E. Chahua Janampa	raw
Visor de cuencas_puntos críticos/1541_Puno_125.pdf	pdf				raw
Visor de cuencas_puntos críticos/1545_Puno_129.pdf	pdf			TOSHIBA	raw
Visor de cuencas_puntos críticos/1546_Puno_130-2.pdf	pdf			TOSHIBA	raw
Visor de cuencas_puntos críticos/1546_Puno_130.pdf	pdf			TOSHIBA	raw
Visor de cuencas_puntos críticos/1550_Puno_134-2.pdf	pdf			TOSHIBA	raw
Visor de cuencas_puntos críticos/1550_Puno_134.pdf	pdf			TOSHIBA	raw
Visor de cuencas_puntos críticos/1551_Puno_135.pdf	pdf			TOSHIBA	raw
Visor de cuencas_puntos críticos/1553_Puno_137.pdf	pdf				raw
Visor de cuencas_puntos críticos/1554_Puno_138.pdf	pdf			TOSHIBA	raw
Visor de cuencas_puntos críticos/1555_Puno_139.pdf	pdf			TOSHIBA	raw
Visor de cuencas_puntos críticos/1556_Puno_140.pdf	pdf			TOSHIBA	raw
Visor de cuencas_puntos críticos/1557_Puno_141.pdf	pdf			TOSHIBA	raw
Visor de cuencas_puntos críticos/1558_Puno_142.pdf	pdf			TOSHIBA	raw
Visor de cuencas_puntos críticos/1560_Puno_144.pdf	pdf			TOSHIBA	raw
Visor de cuencas_puntos críticos/1561_Puno_145-2.pdf	pdf			TOSHIBA	raw
Visor de cuencas_puntos críticos/1561_Puno_145.pdf	pdf			TOSHIBA	raw
Visor de cuencas_puntos críticos/1562_Puno_146.pdf	pdf			TOSHIBA	raw
Visor de cuencas_puntos críticos/1563_Puno_147.pdf	pdf			TOSHIBA	raw
Visor de cuencas_puntos críticos/1564_Puno_148.pdf	pdf			TOSHIBA	raw
Visor de cuencas_puntos críticos/1567_Puno_151.pdf	pdf			Jhon E. Chahua Janampa	raw
Visor de cuencas_puntos críticos/1569_Puno_153.pdf	pdf			Jhon E. Chahua Janampa	raw
Visor de cuencas_puntos críticos/1571_Puno_155.pdf	pdf			Jhon E. Chahua Janampa	raw
Visor de cuencas_puntos críticos/1576_Puno_160.pdf	pdf			Jhon E. Chahua Janampa	raw
Visor de cuencas_puntos críticos/1577_Puno_161.pdf	pdf			TOSHIBA	raw
Visor de cuencas_puntos críticos/1578_Puno_162.pdf	pdf			TOSHIBA	raw
Visor de cuencas_puntos críticos/1583_Puno_167.pdf	pdf			TOSHIBA	raw
Visor de cuencas_puntos críticos/1584_Puno_168.pdf	pdf			TOSHIBA	raw
Visor de cuencas_puntos críticos/1588_Puno_172-2.pdf	pdf			Jhon E. Chahua Janampa	raw
Visor de cuencas_puntos críticos/1588_Puno_172.pdf	pdf			Jhon E. Chahua Janampa	raw
Visor de cuencas_puntos críticos/1595_Puno_179.pdf	pdf				raw
Visor de cuencas_puntos críticos/1599_Puno_183-2.pdf	pdf			Jhon E. Chahua Janampa	raw
Visor de cuencas_puntos críticos/1599_Puno_183.pdf	pdf			Jhon E. Chahua Janampa	raw
Visor de cuencas_puntos críticos/1603_Puno_187.pdf	pdf			Jhon E. Chahua Janampa	raw
Visor de cuencas_puntos críticos/1604_Puno_188.pdf	pdf			Jhon E. Chahua Janampa	raw
Viviendas por tipo de material - Joaquin Suazo/Copia de Puno distritos viviendas por tipo materialidad 2017.xlsx	xlsx	Johnny Bravo	Johnny Bravo		raw
